Название;Цена (Kč)
Boty Samba OG;2799
Boty Handball Spezial;2699
Boty Campus 00s;2899
Boty Campus 00s;2899
Boty VL Court 3.0;1699
Boty Campus 00s;2029,30
BOTY HANDBALL SPEZIAL;2899
Boty Samba LT;1649,45
Ultimashow Shoes;944,30
Boty Handball Spezial;2699
Boty Handball Spezial;2699
BOTY HANDBALL SPEZIAL;2699
Boty Handball Spezial;2699
Boty Handball Spezial;2699
BOTY COURTWAVE;1499
Boty Handball Spezial;2699
Boty SL 72 RS;2399
Boty VL Court 3.0;1699
Boty Superstar II;2899
Boty Superstar II;2899
Boty Campus 00s;1539,45
Boty ADIZERO EVO SL EXO;3599
Boty Adizero EVO SL;3599
Boty VS Pace 2.0;1349
Boty Grand Court Base 00s;1599
Boty Campus 00s;2699
Boty Leopard Print Handball Spezial;2899
Boty Run 60s 4.0;1499
BOTY ZX 500 RS;1999
Boty Handball Spezial;2699
Boty Lite Racer 4.0;1299
Boty SL 72 RS;1559,35
BOTY ITALIA 70s;3099
Boty Adizero Counterblast Indoor;1727,52
Boty SAMBA ADV;2699
BOTY HANDBALL SPEZIAL;2699
Boty Adizero Adios Pro 4;4409,30
Boty SUPERSTAR II;2899
Boty BUSENITZ;2199
BOTY CAMPUS ST;2169,30
Boty Superstar II;2899
Boty Rapid Court Mid Winterized;1699
Boty RAPID COURT LOW;1499
VL Court 2.0 Shoes;1119,30
BOTY ADVANTAGE 2.0;1469,30
Boty VS Pace 2.0;1349
MEGARIDE SHOES;2099,50
Boty Adizero Adios Pro 4;4409,30
BOTY CLOUDFOAM CUXXION RAPIDFIT;1999
Boty GLENBURN;1799
Boty X_PLR Path;1119,30
BOTY ADISTAR XLG 2.0;3399
Boty Stan Smith;2699
Boty SUPERSTAR II;2899
Boty VL Court 3.0;1189,30
BOTY ZX 500 RS;1999
SAMBA 62 SUPER SHOES;2899
Boty Y-3 GAZELLE;6999
BOTY CAMPUS 00s;2899
BOTY SAMBA OG;3099
Boty Breaknet 3.0;1499
Boty Duramo Speed 2 Running;1605,27
BOTY SAMBA 62 SUPER;2899
BOTY COURTWAVE;1049,30
BOTY CAMPUS ST;1859,40
Boty SUPERSTAR ADV;2699
Boty Busenitz Vulc II;1999
Boty Campus 00s;1349,50
BOTY GAZELLE;2699
Obuv Nizza Platform;1799
BOTY HANDBALL SPEZIAL;2899
BOTY SAMBA OG;3099
BOTY 2000 SPIRITAIN;2199
Boty RUN 70s 2.0;1699
Boty Barreda Decode;2099
Boty Adizero EVO SL;3599
Obuv OZWEEGO;2799
BOTY SAMBA 62 SUPER;2899
Boty VS Pace 2.0;1349
Boty Barreda Decode;2099
Boty SUPERSTAR ST;2899
Boty Streettalk;1599
BOTY COURTWAVE;1499
Tenisky SPIRITAIN 2000;2199
Boty JABBAR LO;1349,50
BOTY HANDBALL SPEZIAL;2699
Boty Zponge Flux;1699,50
Boty HOOPS CLASSIC;1599
Boty DURAMO SL 10;1121,34
Boty Adizero Adios Pro 4;4409,30
PONOŽKOVÉ BOTY CLOUDFOAM CUXXION;1699
VL COURT 3.0 SHOES;1189,30
Boty Samba OG;3099
Boty ADIZERO EVO SL EXO;3599
Boty VL Court 3.0;1104,35
Boty Powerphase;1959,30
Tenisky SPIRITAIN 2000;2199
Boty RUN 70s 2.0;1699
BOTY TOKYO MJ;2399
Boty Adizero EVO SL;3599
Pantofle ADILETTE COMFORT 2.0;769,30
Boty GLENBURN;2099
BOTY ADISTAR CONTROL 5;2699
Boty VS Pace 2.0;1349
BOTY SAMBA OG;3099
BOTY GRAND COURT 3.0;1999
BOTY ADVANTAGE BASE;1279,20
BOTY ZX 500 RS;1999
BOTY TOKYO;2399
Boty Grand Court Base 00s;1039,35
Boty SUPERSTAR II;2899
BOTY SL 72 RS;2699
BOTY HANDBALL SPEZIAL;2899
Boty Lightblaze;1199,50
BOTY BW ARMY;3599
Boty Handball Spezial;2699
Boty Handball Spezial;2699
BOTY ZX 500 RS;1999
BOTY COURTWAVE;1499
Boty GLENBURN;1799
BOTY GRAND COURT BASE 3.0;1349
Boty VS Pace 2.0;1349
Boty Campus 00s;1679,40
Boty BUSENITZ;2199
BOTY LA TRAINER OG;2899
BOTY SAMBA OG;2899
Boty adizero Adios Pro Evo 2;12599
Boty Handball Spezial;2699
Boty Campus 00s;2799
Boty SL72 OG;2399
Boty SUPERSTAR II;2899
BOTY HANDBALL SPEZIAL;2699
Obuv Stan Smith;2699
Boty Courtblock;1049,30
Boty Handball Spezial;2699
Obuv OZWEEGO;2899
Boty Grand Court Base 00s;1599
Boty GAZELLE ADV;2699
BOTY ADISTAR XLG 2.0;3399
Boty Samba OG;2799
BOTY ADIZERO ADIOS OG;1594,45
Boty ADIZERO ADIOS PRO EVO 3;12599
Boty Superstar II;2899
BOTY HANDBALL SPEZIAL;3099
BOTY HANDBALL SPEZIAL;2699
BOTY ADISTAR CONTROL 5;2699
Obuv OZWEEGO;2899
Boty TYSHAWN II;2399
Boty adidas Taekwondo;1199,50
BOTY ADISTAR CONTROL 5;2699
BOTY HANDBALL SPEZIAL;2699
BOTY HYPERBOOST EPHR LT;3399
Boty Superstar II;2899
Boty Handball Spezial;2699
BOTY ZX 500 RS;1999
Boty 20TH ANN SAMBA_B_ FASHION SHOW;3899
BOTY BW ARMY;3599
Boty RUN 70s 2.0;1699
Boty SUPERSTAR II;2899
Boty TEKKIRA CUP;2399
BOTY ADISTAR XLG 2.0;3399
Boty Run 60s 4.0;1499
Boty Campus 00s;1399,50
Boty HOOPS CLASSIC;1599
SAMBA BOWLING;3899
Boty Pureboost 22;2169,30
BOTY ADISTAR CONTROL 5;2699
Boty Forum2000;1399,50
BOTY SUPERSTAR II;3099
BOTY COURTWAVE;1499
Boty OZWEEGO;2799
BOTY BARREDA DECODE;2199
BOTY ADISTAR XLG 2.0;3399
BOTY VL COURT 3.0;1699
Boty LA TRAINER OG;2699
BOTY SAMBA OG;2899
BOTY ADISTAR XLG 2.0;3399
Boty OZWEEGO;2899
Boty SUPERSTAR II;3099
BOTY ADISTAR CONTROL 5;2699
BOTY CLIMACOOL LACED MERCEDES AMG PETRONAS F1 TEAM;4699
Boty SUPERSTAR II;3099
BOTY HYPERBOOST EPHR LT;3399
BOTY MEGARIDE F50;4399
BOTY COURTWAVE;1499
Boty Samba OG;2899
VL Court 2.0 Shoes;1119,30
Boty Hoops 4.0 Mid;1799
BOTY HYPERBOOST EPHR LT;3399
Boty GAZELLE ADV;2699
BOTY HANDBALL SPEZIAL;2699
Boty LA TRAINER OG;2699
Boty Adizero EVO SL;3599
BOTY SL 72 RS;2399
Boty Adizero Adios Pro 4;6299
BOTY SL 72 OG;2399
Boty SUPERSTAR II;2899
BOTY ADIZERO EVO SL WOVEN AUDI REVOLUT F1 TEAM;3899
BOTY GAZELLE INDOOR;2899
Boty VL COURT MER;1699
Boty Rapid Court Mid Winterized;1699
BOTY CAMPUS 00s;2899
Boty VL Court 3.0;1699
BOTY SAMBA OG;2899
BOTY HYPERBOOST EPHR LT;3399
Boty OZWEEGO;2899
Boty Rapid Court Mid Winterized;1699
Boty Adizero Adios Pro 4;6299
BOTY SL 72 RS;2699
Boty Climacool 1;3399
Boty VL Court 3.0;1699
Boty VL Court 3.0;1699
BOTY HANDBALL SPEZIAL;2699
BOTY CLIMACOOL;3599
Boty SUPERSTAR II;3099
Boty Manchester United Handball Spezial;2899
BOTY SUPERSTAR II;3099
BOTY ZX 500 RS;1999
Boty SUPERSTAR ADV;2699
Boty Barreda;1599
BOTY STREETTALK;1699
Boty Samba OG;2899
BOTY HANDBALL SPEZIAL;2899
Boty Run 60s 4.0;1499
BOTY CLOUDFOAM FLEX RAPIDFIT;1599
BOTY JAPAN;3099
BOTY HYPERBOOST EPHR LT;3399
BOTY GRAND COURT 3.0;2099
Boty GLENBURN;1799
BOTY TOKYO MJ;2399
BOTY BARREDA DECODE;2199
Boty Stabil 16 Indoor;2261,42
BOTY BW ARMY;3599
SAMBA OG W;2899
Boty Grand Court Base 00s;1599
SAMBA BOWLING;3899
Boty TYSHAWN II;2399
Boty Handball Spezial Inter Miami CF;2899
BOTY ADISTAR CONTROL 5;2699
VL Court 2.0 Shoes;1119,30
Boty BUSENITZ VINTAGE;2199
Boty Grand Court SE;1259,30
Boty ASTRASTAR ATR;1799
BOTY SL 72 RS;2699
BOTY HYPERBOOST EPHR LT;3399
Boty R71;1999
Boty SUPERSTAR ADV;2699
Boty Gazelle;2699
Boty HOOPS CLASSIC;1599
Boty LA TRAINER OG;1704,45
Boty Juventus Football Club Handball Spezial;2899
BOTY ADVANTAGE 2.0;1999
BOTY ADISTAR CONTROL 5 MERCEDES AMG PETRONAS F1 TEAM;3099
Boty GLENBURN;1799
BOTY ADISTAR CONTROL 5;2699
BOTY ADISTAR CONTROL 5;2699
Boty MEGARIDE AG;4699
Boty Mega Ghostride;1949,50
Boty GLENBURN;1799
Boty VL Court 2.0;1259,30
BOTY ADISTAR XLG 2.0;3399
Boty LA TRAINER OG;2699
Boty SUPERSTAR II;2899
BOTY ADISTAR CONTROL 5;2699
BOTY CLIMAPROOF 1 GTX;3599
BOTY LA TRAINER OG;2899
Boty SAMBA ADV;2699
Boty SUPERSTAR ST;2899
BOTY BARREDA DECODE;2099
Boty Liverpool FC Handball Spezial;2899
Turistické boty Terrex Eastrail 3 Mid Climaproof;2399
VL Court Classic Shoes;1199,25
BOTY GRAND COURT 3.0;1999
Boty VL Court 3.0;1699
Boty Grand Court Alpha;1649,25
BOTY GRAND COURT 3.0;1999
Zvrásněné boty SUPERSTAR II;3099
Boty OZWEEGO;2899
Boty Liverpool FC Handball Spezial;2899
BOTY GRAND COURT 3.0;1999
Boty BUSENITZ;2199
BOTY LIGHTBLAZE;1199,50
BOTY SAMBA OG;2899
GOLFOVÉ BOTY SPEZIAL BEZ SPIKŮ;3399
Boty Nizza;1699
Boty Nizza;1699
Boty Run 60s 4.0;1499
Boty Adizero SL 2;3099
BOTY ADISTAR CONTROL 5;2699
BOTY SAMBA OG;2899
Boty TYSHAWN II;2399
Boty VL Court 3.0;849,50
Boty TEKKIRA CUP;2399
BOTY BARREDA DECODE;2199
BOTY HYPERBOOST EPHR LT;3399
Boty GLENBURN;1799
BOTY GRAND COURT 3.0;1999
Boty Lite Racer 4.0;1299
Boty ADIZERO EVO SL ATR;3899
Boty HOOPS CLASSIC;1599
BOTY STREETTALK;1699
KOŽENÉ BOTY CLOUDFOAM CUXXION;2199
BOTY HYPERBOOST EPHR LT;3399
Boty Climacool 1;3399
BOTY CAMPUS ST;2014,35
Boty Streettalk;1599
Boty Campus 00s;1399,50
Boty Samoa;2199
BOTY SL 72 OG;2399
BOTY ADIZERO ADIOS PRO 4;6299
Boty Samba Jp;1649,45
BOTY SL 72 RS;2399
BOTY CAMPUS ST;2014,35
Boty VL Court Base;899,40
Boty Barreda;1119,30
Boty Tokyo;2399
BOTY ADISTAR XLG 2.0;3399
Boty Run 70s 2.0;1699
BOTY SUPERSTAR II;2899
BOTY ECLYPTIX CONTROL;1699
Samba OG Shoes;2899
BOTY CLIMACOOL LACED;3899
Boty SUPERSTAR ADV;2699
Boty TYSHAWN II;2399
Boty CAMPUS ADV;2399
KOŽENÉ BOTY CLOUDFOAM CUXXION;2199
Boty NORA;2199
BOTY PARIS;2699
Boty Ajax Amsterdam Handball Spezial;2899
Boty ULTRABOOST 5 MERCEDES AMG PETRONAS F1 TEAM;4699
LEŽÉRNÍ BOTY CLOUDFOAM FLEX SMART;1699
Boty Adizero Boston 13;3899
GOLFOVÉ BOTY SPEZIAL BEZ SPIKŮ;3399
Boty Adistar Hrmy;2199,50
GOLFOVÉ BOTY SPEZIAL BEZ SPIKŮ;3399
BOTY ADISTAR CONTROL 5;2699
GOLFOVÉ BOTY SPEZIAL BEZ SPIKŮ;3399
Boty Megaride F50;4399
BOTY ADISTAR CONTROL 5;2699
Boty Busenitz Vulc II;1999
BOTY GRAND COURT 3.0;2099
Boty Stan Smith;2699
BOTY CLOUDFOAM CUXXION RAPIDFIT;1999
Boty SL 72 RS;2399
Boty R71;1999
Duramo SL Wide Running Lightmotion Shoes;1231,23
Boty Samoa;2199
Boty TEKKIRA CUP;2399
Boty Adizero Prime X3 Strung;7499
Boty NY 90 Stripes;1999
Alphacomfy Shoes;934,45
BOTY JAPAN;2899
Boty R71;1999
Boty Stan Smith;2699
BOTY ITALIA 70s;2899
Boty SL 72 OG;2699
Boty Samba Spikeless Golf;3399
Tenisky SPIRITAIN 2000;2199
BOTY SL 72 OG;2699
BOTY BW ARMY;3599
BOTY CLOUDFOAM CUXXION RAPIDFIT;1999
BOTY MEGARIDE F50;4399
Boty VS Pace 2.0;1349
BOTY ADIZERO ADIOS PRO 4;4409,30
Boty Lightblaze;1679,30
Boty Adizero Adios Pro 4;4409,30
BOTY SUPERSTAR II;3099
BOTY ZX 8000;3099
Pantofle Adissage 360rec;594,30
BOTY SPIRITAIN 2000;2699
Tenisky SPIRITAIN 2000;2199
Boty Campus 00s;2899
BOTY SAMBA OG;3099
Boty Gazelle;2699
Boty ADIZERO TAKUMI SEN 11;4899
Boty Terrex Trailmaker 2 GORE-TEX Hiking;2899
Boty VL Court Base;899,40
Boty GRAND COURT BASE 3.0;944,30
Boty Advantage 2.0;1999
Boty VL Court 3.0;1699
Boty Samba OG;2899
Boty MEGARIDE AG;4699
BOTY JAPAN;3099
BOTY ADISTAR CONTROL 5;2699
Boty Barreda;799,50
Boty Italia 70s;2899
BOTY GRAND COURT 3.0;2099
Boty Barreda Decode;2099
Boty Grand Court Cloudfoam Comfort;1349,25
Boty SUPERSTAR VINTAGE;3599
Boty D.O.N. ISSUE 7;2174,25
Boty BUSENITZ;2199
Boty Gazelle;2699
BOTY HANDBALL SPEZIAL MIG;4899
Boty Y-3 GAZELLE;6999
Boty Adizero F50;1799,50
Boty Gazelle;2699
BOTY SAMBA OG;3099
BOTY MERCEDES - AMG PETRONAS FORMULA ONE TEAM BARREDA DECODE;2199
Boty ALOHA SUPER;2399
Boty Duramo SL 2 Running;1359,20
Boty VL Court Base;749,50
Boty SL 72 OG;2024,25
Boty SL 72 OG;1199,50
BOTY ZX 500 RS;1199,40
VL Court Classic Shoes;1119,30
Boty Hoops 4.0 Mid;1799
BOTY ADISTAR CONTROL 5;2699
BOTY CLIMACOOL 2;3399
Boty Busenitz Vulc II;1999
Boty Velosamba Leather;3399
Tenisky Y-3 REGU;8299
Boty Campus 00s;1679,40
BOTY ECLYPTIX CONTROL;1699
Boty VL Court 3.0;1699
BOTY ADISTAR XLG 2.0;2209,35
Boty Velosamba Leather;3399
Tenisky SPIRITAIN 2000;2199
Boty Busenitz Vulc II;1999
BOTY JAPAN DECON;3099
Boty MEGARIDE AG;4699
BOTY SL 72 PT;2899
Tenisky SPIRITAIN 2000;2199
BOTY CLIMACOOL SPW MERCEDES AMG PETRONAS F1 TEAM;2899
Boty Adizero Boston 13;3041,22
BOTY ADIDAS MARVEL SPIDER-MAN LIGHTBLAZE;2899
Boty Velosamba Leather;3399
Boty VL Court 2.0;1439,20
Boty GLENBURN;1799
BOTY JAPAN;3099
BOTY JAPAN;3099
Boty TECHNOCHAOS 2000;2099
Pantofle adilette Comfort;769,30
Boty Adizero Boston 13;3041,22
BOTY JAPAN;3099
Boty RAPID COURT LOW;1499
Boty JABBAR LO;1349,50
Boty MEGARIDE AG;4699
Běžecká obuv Adizero Adios 9;3399
Boty Italia 70s;2899
Obuv Continental 80;2699
Boty Vintage Superstar;3599
Tenisky Y-3 Tokyo;6999
Boty Gazelle Indoor;2899
BOTY ADIDAS X COCA-COLA CLIMACOOL 1;3599
BOTY JAPAN LUX;3099
BOTY LIGHTBLAZE;1199,50
BOTY 2000 SPIRITAIN;2199
Boty Busenitz Vulc II;1899
Tenisky SPIRITAIN 2000;2199
BOTY ADISTAR XLG 2.0;3399
Boty Duramo Speed 2 Running;1759,20
Tenisky Y-3 REGU;8299
Boty Grand Court Cloudfoam Comfort;1599,20
BOTY CLIMACOOL 2;3399
PANTOFLE ADILETTE OG CF;849
TERREX AGRAVIC SPEED ULTRA EVO;12599
BOTY ADVANTAGE BASE;1119,30
Boty VL Court 3.0;1104,35
Boty HOLO PEAK;3599
Boty Eclyptix 2000;959,40
Obuv Gazelle;2699
Boty Advancourt;1399,30
Tenisky SPIRITAIN 2000;2199
BOTY HANDBALL SPEZIAL;2899
Boty VELOSAMBA LEA;3599
Boty SL 72 RS;2399
Boty Pureboost 22;2045,34
Boty Grand Court Cloudfoam Comfort;1499,25
Boty MEGARIDE AG;4699
BOTY JAPAN LUX;3099
Boty MEGARIDE AG;4699
Tenisky SUPERSTAR 80 ADV;2699
BOTY CLOUDFOAM CUXXION;2099
BOTY TECHNOCHAOS 2000 ATR;2099
Boty BUSENITZ VINTAGE;2199
Zvrásněné boty SUPERSTAR II;3099
BOTY ADISTAR XLG 2.0;3399
Boty MEGARIDE AG;4699
Boty MEGARIDE AG;4699
NAZOUVACÍ BOTY SHMOOOFOIL;1999
BOTY ITALIA 60s MERCEDES;3399
Boty SUPERSTAR ADV X GONZ;2699
Boty SC Premiere;3399
BOTY JABBAR;1799,50
Běžecká obuv Galaxy 7;1124,25
Boty Adizero Aruku;1699,50
VL Court Classic Shoes;1199,25
BOTY SL 72 RS AUDI REVOLUT F1 TEAM;2699
Běžecká obuv Adizero Adios Pro 4 BMW Berlin Marathon 2025;4283,32
Boty SAMBA ADV;2699
BOTY ZX 8000;3099
Boty Streettalk;1599
Boty Barreda Decode;2099
Boty Samba LT;2169,30
Boty Zponge Flux;1699,50
BOTY CAMPUS 00s;2029,30
Boty Samba Jp;1499,50
Boty TECHNOCHAOS 2000;2099
Tenisky Y-3 TOKYO;6999
Boty Duramo SL;1231,23
Boty Terrex AX4 Hiking;2159,20
BOTY JAPAN X LIBERTY LONDON;3099
BOTY JAPAN;2899
BOTY TOKYO;2399
74 Shoes;1889,30
BOTY BW ARMY;3599
Boty Rapid Court Low;1499
Boty Japan;2899
Boty Streettalk;1599
Boty BUSENITZ INDOOR SUPER;2399
Boty adidas x Tyrrell Winston ClimaCool 4D;5499
Boty Tokyo;2399
BOTY CLOUDFOAM FLEX ELASTIC LACE;1499
BOTY MEGARIDE F50;4699
Tenisky CLOT Samba By Edison Chen;3399
Boty Gazelle Lo Pro;1739,40
Tenisky CLOT Samba By Edison Chen;3399
GOLFOVÉ BOTY STAN SMITH BEZ SPIKŮ;3399
Boty Five Ten Trailcross XT Mountain Bike;3899
Boty TYSHAWN;2399
Boty GLENBURN X DAEWON;1799
Boty SUPERSTAR ST;2899
Boty Grand Court TD Lifestyle Court Casual;1119,30
BOTY ECLYPTIX CONTROL;1699
Boty HOLO PEAK;3599
BOTY ADISTAR CONTROL 5;2699
Boty HOLO PEAK;3599
BOTY MEGARIDE F50;4399
BOTY ECLYPTIX CONTROL;1699
BOTY PREDATOR SALA;2899
Boty ECLYPTAIN;1799
Boty ECLYPTAIN;1799
BOTY Y-3 NIZZASTAR HI;9499
BOTY Y-3 NIZZASTAR LO;8799
BOTY CLOUDFOAM CUXXION;2099
Boty Liverpool FC Climacool 1;3399
Bad Bunny F50 Ghost Sprint;3899
Boty SUPERNOVA RISE 3 MERCEDES AMG PETRONAS F1 TEAM;3899
Boty Court Tourino;1199,50
BOTY HANDBALL SPEZIAL;2699
PONOŽKOVÉ BOTY CLOUDFOAM CUXXION;1274,25
Tenisky CLOT Samba By Edison Chen;3399
BOTY BARREDA DECODE SHOES AUDI REVOLUT F1 TEAM;2199
BOTY GAZELLE LO PRO;2029,30
Boty Advancourt;1599,20
Boty Lightblaze;1319,45
BOTY SL 72 RS AUDI REVOLUT F1 TEAM;2699
BOTY JAPAN;2324,25
BOTY SUPERSTAR II;3099
Boty Megaride;4199
Boty Adizero SL 2;3099
BOTY ADISTAR XLG 2.0;3399
BOTY MEGARIDE F50;4699
BOTY PARIS;2699
Boty Breaknet 3.0;1499
BOTY SUPERSTAR II;3099
BOTY SUPERSTAR II;3099
BOTY ADISTAR MLD;3099
Boty TECHNOCHAOS 2000;2099
BOTY CLIMACOOL LACED;3899
BOTY MERCEDES - AMG PETRONAS FORMULA ONE TEAM BARREDA DECODE;2199
Boty Run 60s 4.0;1499
Boty Gazelle Spikeless Golf;3399
Boty Breaknet 3.0;1499
BOTY JAPAN;3099
OZELIA SHOES;1349,50
BOTY RUNVISTA;1049,30
BOTY ADIZERO ADIOS PRO 4;4409,30
BOTY ADISTAR XLG 2.0;3399
Boty Turnaround;1104,35
Boty Adizero F50;1799,50
Boty Grand Court Cloudfoam Comfort;1299,35
BOTY CAMPUS ST;2324,25
Boty Courtblock;1119,30
ŠNĚROVACÍ BOTY CLIMACOOL;3899
Boty Jabbar Hi;1430,47
BOTY JAPAN DECON;2324,25
Boty ASTRASTAR ATR;1799
Boty Megaride F50;4399
Sálové boty Gazelle;2799
BOTY VL COURT AUDI REVOLUT F1 TEAM;1699
Boty DAME X;1605,27
Boty Eclyptix 2000;1599
OZELIA SHOES;1349,50
BOTY JAPAN;2899
Sálové boty Predator;1399,50
BOTY TANGO MAGNUM;2899
BOTY ADISTAR XLG 2.0;3399
BOTY ADIZERO ADIOS OG;1449,50
BOTY CLIMACOOL;3599
BOTY ADISTAR MLD;3099
BOTY ADIRACER LO MERCEDES AMG PETRONAS F1 TEAM;3099
Boty SUPERSTAR MESSI;2899
BOTY CLIMACOOL LACED;4199
BOTY MEXICANA;3599
BOTY CLIMACOOL 2;3399
Boty CAMPUS ADV;2399
BOTY ADISTAR CONTROL 5 MOSSY OAK;2899
Boty NORA;2199
BOTY ADISTAR XLG 2.0;3399
Boty BUSENITZ INDOOR SUPER;2399
BOTY ADIDAS FORTNITE STREETTALK;1799
Boty RUN 76/26;1399,30
Boty NORA;2199
ADVANTAGE BASE 2.0 SHOES;1119,30
Boty TERRA MONO LIGHTSTRIKE;3599
Boty adizero Aruku;1869,45
Boty Novaflight 2 Indoor;2699
Boty Spezialist Indoor;2199
Boty Advantage Base 2.0;1599
BOTY ADIRACER LO MERCEDES AMG PETRONAS F1 TEAM;3099
Boty Courtjam Control 3 Premium Tennis;1679,30
BOTY ADISTAR MLD;2899
BOTY MEGARIDE F50;4399
Boty BW ARMY DECON HARTCOPY;3099
BOTY PARIS;2699
Boty Harden Volume 10;2846,27
Boty Y-3 F50 AOP;7499
VL Court 3.0 Shoes;1189,30
Boty Samba LT;2169,30
Boty Samba XLG;3099
Tenisky SPIRITAIN 2000;2199
BOTY SL 72 PT;2899
Adizero Boston 13 Shoes;3899
BOTY ADISTAR CONTROL 3;2399
Boty MEGARIDE AG;4699
Boty Velosamba Leather;3399
BOTY BARREDA DECODE;2199
Boty TECHNOCHAOS 2000;2099
Boty Anthony Edwards 2;2262,27
Boty Y-3 F50 TUNIT;7499
Boty Gazelle Indoor;2899
Boty Taekwondo Mei;1399,50
BOTY BARREDA DECODE;2199
BOTY JAPAN;2324,25
Boty SUPERSTAR MESSI;2899
Boty HANDBALL SPEZIAL MESSI;2899
Boty Taekwondo F50;1399,50
GRAND COURT 3.0 SHOES;1299,35
Crazychaos 2000 Shoes;1499,25
Boty GRAND COURT BASE 3.0;944,30
Boty Adizero F50;1799,50
Boty Stan Smith 80s;3099
Boty Court Tourino;1199,50
Boty SUPERSTAR DRAMA CALL;3099
BOTY JAPAN;2899
Boty Eclyptix 2000;1599
Boty Adizero SL 2;3099
Boty Taekwondo F50;1399,50
Team Court 2.0 STR Shoes;1099,50
Boty Spezialist Indoor;2199
BOTY ADISTAR MLD;2899
Boty Anthony Edwards 2;2169,30
74 Shoes;1754,35
BOTY ADIZERO ADIOS OG;1449,50
BOTY GAZELLE INDOOR MERCEDES AMG PETRONAS F1 TEAM;2899
Boty Y-3 TOKYO WARPED;8299
Boty Run 50s;909,30
Boty HOOPS CLASSIC;799,50
BOTY BW ARMY;3599
Boty Run 60s 4.0;1499
Boty Y-3 NISI HI;4399
Boty Adizero EVO SL;3599
Golfové boty Traxion Lite Max 24;2699
BOTY JAPAN DECON;2324,25
Boty POWERPHASE;2899
Boty Tokyo;1679,30
Boty Adizero F50;1799,50
Boty Adizero Boston 12;2846,27
BOTY CLIMACOOL;3399
Boty Handball Spezial;2699
ADIRACER LOW SHOES;1739,40
Boty Jabbar Lo;1199,50
Boty Advantage Base 2.0;1599
Tenisky SPIRITAIN 2000;2199
BOTY JEANS;2699
BOTY TECHNOCHAOS 2000;2099
Bad Bunny F50 Ghost Sprint;3899
BOTY ADIRACER LO AUDI REVOLUT F1 TEAM;3099
BOTY CLIMACOOL LACED;4199
BOTY CLIMACOOL LACED;3899
BOTY CAMPUS 00S AUDI REVOLUT F1 TEAM;2899
Boty HOLO PEAK;3599
BOTY BW ARMY;3599
Tenisky Y-3 SUPERSTAR;6299
Tenisky Y-3 FIELD;7499
Boty Grand Court Base 00s;1359,20
Boty Harden Volume 10;2846,27
Y-3 Ultraboost 5;6999
Boty adidas Taekwondo;1199,50
BOTY ADIZERO ADIOS PRO 4;4409,30
Boty Samba Spikeless Golf;3399
Sálové boty Predator;1699,50
Boty VL COURT MER;1699
Boty Anthony Edwards 2;2324,25
BOTY STAN SMITH 80s;3099
BOTY TECHNOCHAOS 2000 ATR;2099
BOTY CLIMACOOL;3599
Boty PREDATOR SALA;2379,30
Tenisky BELIEVE THAT 1;2399
BOTY CLIMACOOL LACED;3899
JAPAN SHOES;2324,25
Boty BW ARMY DECON HARTCOPY;3099
BOTY GAZELLE LO PRO;2324,25
BOTY F50 WALKABLE;5499
BOTY ADISTAR CONTROL 5 MOSSY OAK;2899
BOTY ADIDAS X COCA-COLA PREDATOR SALA;2899
BOTY BARRICADE V;3599
BOTY LIGHTBLAZE POD;3599
Tenisky Y-3 STAN SMITH;6299
Tenisky Y-3 PREDATOR PRECISION;6299
Boty F50 TUNIT MEGA JAH JAH;4399
Tenisky Y-3 PREDATOR PRECISION;6299
BOTY MEGARIDE F50;3079,30
Běžecká obuv Adizero Adios 9;2719,20
Boty Kantai Trail;1449,50
Boty DAME X;1605,27
Boty Adizero Prime X3 Strung;4349,42
BOTY CLIMACOOL LACED;3899
Boty Gazelle Spikeless Golf;3399
Boty ALOHA SUPER;2399
BOTY CLIMACOOL 2;3399
Tenisky PW Vario Flat Earther;3399
BOTY F50 WALKABLE;5499
Boty JABBAR HI;2699
Boty JABBAR LO;2399
Boty Jah Jah Adistar Control 5;3899
Bad Bunny F50 Ghost Sprint;3899
Boty Gazelle Stack;2029,30
BOTY PREDATOR 94 MEGARIDE;3499,30
Boty Courtjam Control 3 Tennis;1385,37
Tenisky Y-3 SUPERSTAR;6299
74 Shoes;1484,45
BOTY CLIMACOOL 2;3399
Boty Grand Court Alpha;2199
BOTY CLIMACOOL LACED;3899
BOTY ADIDAS FEROZA BASE AUDI REVOLUT F1 TEAM;2399
Boty Samba Spikeless Golf;3399
Boty Gazelle Spikeless Golf;3399
Boty K 74;1349,50
BOTY ADVANCOURT BASE 2.0;1599
BOTY PARIS;2699
Boty Centennial 85 Low ADV;2699
BOTY STAN SMITH 80s;3099
Boty Dame X;1605,27
Tenisky Y-3 DIAGONAL STAN SMITH;6299
BOTY JABBAR LO;2699
Sálové boty Predator;1699,50
Boty ADISTAR CONTROL 5;2699
Boty COURT TNS PREMIERE RT;1759,20
Boty Top Ten;1409,40
Boty Heritage Road Cycling;3899
Boty ORGN ULTRA TECH;1889,30
Breaknet 3.0 Shoes;1124,25
Tenisky PW Vario Flat Earther;3399
Boty Court Tourino;1679,30
BOTY ADIZERO F50;2939,30
BOTY ADISTAR CONTROL 5;2699
Boty Grand Court TD Lifestyle Court Casual;1279,20
Boty Harden Volume 10;2846,27
Boty Adizero Aruku;1699,50
Tenisky TOKYO Y-3;6999
Tenisky Y-3 FIELD;7499
BOTY CLIMACOOL 2;3399
Boty Adistar Messi;3599
BOTY PREDATOR 94 MEGARIDE;3499,30
Boty POWERPHASE;2899
Sálové boty Court Stabil Indoor;1349,50
Boty Barreda Decode;1199,40
BOTY CRAZYCHAOS 2000;1999
Boty Anthony Edwards 2;2169,30
Boty Hoops 3.0 Low Classic Vintage;799,50
Boty Adizero Adios Pro 4;4409,30
BOTY CLIMACOOL;3399
Boty Samba XLG;1799,40
Tenisky JABBAR LO;1349,50
BOTY PREDATOR SALA;2899
BOTY ITALIA 70s;2029,30
Boty Courtflash Speed 2 Tennis;1999
Crazychaos 2000 Shoes;1999
Tenisky Y-3 STAN SMITH;6299
Boty ULTRABOOST 5 AUDI REVOLUT F1 TEAM SHOES;4699
Boty adidas Taekwondo Mei;1399,50
BOTY SAMBA JP;1549,50
BOTY TOKYO;2024,25
Boty Run 60s 4.0;1049,30
Tenisky adidas x arte antwerp F50 Motion Crinkle Nylon;4399
Boty ANTHONY EDWARDS 2;2262,27
Boty F50 SALA;2379,30
Boty adidas Taekwondo;1199,50
Boty VL Court 2.0;1259,30
Tenisky BELIEVE THAT 1;2399
Boty Anthony Edwards 2;2169,30
BOTY STAN SMITH 80s;3099
Boty Campus 00s;1399,50
BOTY HANDBALL SPEZIAL MERCEDES;2899
Boty adidas by Stella McCartney Sportswear;3499,50
Boty Anthony Edwards 2;2169,30
Boty Taekwondo F50;1399,50
Boty MEGARIDE AG;4699
Sálové boty Predator;1399,50
CAMPUS 00s SHOES;2174,25
Boty Breaknet 2.0;749,50
BOTY CLOUDFOAM CUXXION RAPIDFIT;1299,35
Boty Taekwondo;1199,50
Boty F50 SALA;2379,30
Boty Busenitz Pro;1539,30
BOTY PREDATOR SALA;2379,30
Boty LA TRAINER OG;1704,45
Boty Adidas Taekwondo;1199,50
BOTY JEANS;2699
BOTY ADIRACER LO AUDI REVOLUT F1 TEAM;3099
adidas K 74 Shoes;1889,30
Boty COURT TNS PREMIERE;2199
Boty adidas Taekwondo Mei;1399,50
Boty GLENBURN;1259,30
Boty Taekwondo F50;1399,50
Boty ANTHONY EDWARDS 2;2262,27
BOTY JAPAN DECON;2479,20
BOTY ADIZERO ADIOS OG;1449,50
BOTY GAZELLE INDOOR;2899
Boty Harden Volume 10;2846,27
Boty Campus 00s;1399,50
Boty VL COURT MER;1699
Boty Equipment Adios Pro;2749,50
BOTY CLIMACOOL LACED;4199
Boty DAME X;1649,25
Boty Samba XLG;3099
Boty Astrastar;1699
Boty Court Tourino;1539,30
Boty SUPERSTAR VINTAGE;3599
Boty Samba MN;1799,50
BOTY SL 72 RS AUDI REVOLUT F1 TEAM;2699
Boty Terrex Trailmaker 2.0 Mid Gore-Tex Hiking;3399
Boty Samba Spikeless Golf;3399
BOTY JAPAN;2174,25
Boty Samba XLG;1499,50
Boty Campus 00s;1399,50
Samba Jp Shoes;1799,40
BOTY SUPERSTAR LUX;4399
Boty Samba;2699
Boty Y-3 NISI LO;3899
BOTY SAMBA OG;2899
BOTY GAZELLE LO PRO;2324,25
Boty Adizero Boston 13;2924,25
Boty Grand Court Alpha;2199
Boty Y-3 NISI HI;4399
BOTY SL 72 OG;1679,30
BOTY SL 72 OG;2399
Boty SL 72 RS;2399
BOTY ITALIA 60s;2379,30
Boty RUN 70s 2.0;1104,35
STŘEDNĚ VYSOKÉ BOTY ADIDAS FEROZA AUDI REVOLUT F1 TEAM;3399
Boty STAN SMITH;2399
ECLYPTIX 2000 SHOES;1599
Boty Y-3 NISI LO;3899
Boty Advancourt;1599,20
Boty Samba Lt;1499,50
BOTY HANDBALL SPEZIAL MERCEDES;2899
BOTY JAPAN;2029,30
Boty Barreda Decode;1469,30
Tenisky Y-3 SUPERSTAR;6299
Boty Harden Volume 10;2846,27
BOTY JAPAN;2029,30
BOTY JAPAN DECON;2324,25
Boty VL Court 3.0;1189,30
Sálové boty Predator;1399,50
Boty Megaride O1;2039,40
Boty Megaride AG;4699
Boty Run 70s 2.0;1189,30
Boty HARDEN VOLUME 10;2729,30
Boty Jabbar Hi;1349,50
OZMORPH Shoes;1799,50
CRAZYCHAOS 2000 SHOES;1424,25
Boty Response Super;1539,30
Sálové boty Predator;1399,50
BOTY ULTRASTAR Made in Germany;4899
Boty Lightblaze Vista;1439,40
Boty COURT TNS PREMIERE;1539,30
BOTY TANGUM;2899
BOTY CLIMACOOL SPW;1439,40
Adilette Shower Slides;524,30
BOTY JAPAN;2169,30
Boty Campus 00s Beta;1651,41
Boty Crazychaos 2000;Нет в наличии
Boty Samba Lt;1799,40
adidas Gazelle Sala Shoes;1399,50
ZX 600 SHOES;2174,25
Boty Forum2000;1399,50
Boty COURT TNS PREMIERE RT;1539,30
Boty NY 90;1539,30
ADIZERO TAKUMI SEN 11;2499,50
BOTY JAPAN;2174,25
BOTY CRAZYCHAOS 2000 MERCEDES AMG PETRONAS F1 TEAM;2199
Boty MEGARIDE AG;4699
Adizero Aruku Shoes;1799,50
Boty Samba MN;1799,50
Boty TEKKIRA CUP;Нет в наличии
BOTY ITALIA 70s;1449,50
Samba XLG Shoes;Нет в наличии
Boty adidas by Stella McCartney Court Slip-On;2599,50
BOTY ADIZERO GOUKANA;3899
Boty ANTHONY EDWARDS 2;2169,30
Boty Dame X;1605,27
Boty Crazy Energy+ Basketball;2519,30
BOTY JAPAN;2174,25
Boty JABBAR HI;2699
BOTY HANDBALL SPEZIAL MERCEDES;2899
Boty Nova IIInfinity;Нет в наличии
Boty Crazychaos 2000;1999
BOTY ADISTAR CONTROL 3;1679,30
Boty Novaflight 2 Indoor;1349,50
BOTY ADIDAS FEROZA AUDI REVOLUT F1 TEAM;2899
Boty Grand Court TD Lifestyle Court Casual;799,50
Boty Anthony Edwards 2;2169,30
Obuv 3MC Vulc;1799
Boty Samba XLG;1499,50
Boty Arsenal FC Handball Spezial;2899
Boty GLENBURN;1799
BOTY HYPERBOOST EPHR;3599
BOTY HYPERBOOST EPHR;3599
Tenisky Y-3 EVO SL ATR GTX;Нет в наличии
Tenisky Y-3 EVO SL ATR GTX;Нет в наличии
Boty Lightshift;899,50
Boty Barreda Decode;1049,50
Boty Supernova Ease;Нет в наличии
Boty Stabil 16 Indoor;2066,47
BOTY VL COURT AUDI REVOLUT F1 TEAM;1699
Boty SUPERSTAR II;3099
Boty Handball Spezial;2699
Boty Adizero Counterblast Indoor;1979,45
Boty RUN 70s 2.0;1104,35
Boty Samba Messi;1884,35
Boty Grand Court Base 00s;1274,25
Boty XLG MTW;1799,50
Boty Grand Court Alpha;1649,25
Boty BRMD;2024,25
Boty JABBAR LO;2399
Boty Velostan Smith;3399
Tenisky JABBAR LO;1349,50
Boty VL Court 3.0;1019,40
Boty Campus 00s;2029,30
BOTY ZX 500 RS;999,50
Boty Grand Court Alpha;1099,50
Y-3 Ultraboost 5;6999
Boty Adizero Prime X3 Strung;4349,42
Boty Duramo SL 2 Running;1189,30
Megaride O1 Shoes;1699,50
Boty Advancourt;1099,45
Boty Hoops 3.0 Low Classic Vintage;799,50
Boty Equipment Agravic;2899,50
Boty ADIZERO TAKUMI SEN 11;2499,50
Boty Climacool 1;1699,50
Boty Courtblock;799,50
Boty TECHNOCHAOS 2000;1049,50
Boty DURAMO SL 10;Нет в наличии
Boty Run 60s 4.0;Нет в наличии
Boty Crazychaos 2000;Нет в наличии
Boty Campus 00s;1499,50
Sálové boty Gazelle;2799
Boty Barreda;1274,25
Boty Top Ten RB;1681,42
Boty Team Court;1399,30
Traxion Response Golf Shoes;2159,20
Basketbalové boty Crazy Energy+;2519,30
BOTY SAMBA 62 SUPER MERCEDES AMG PETRONAS F1 TEAM;2899
BOTY ITALIA 70s;2174,25
Boty Rapid Court Low;1499
Boty SL 72 OG;2699
GAMECOURT 2 TENNIS SHOES;1189,30
Boty RUN 70s 2.0;1189,30
BOTY TECHNOCHAOS 2000;2099
BOTY ADIZERO TAKUMI SEN 11;3499,30
Boty Run 70s 2.0;1274,25
JABBAR HI Shoes;1754,35
Equipment Predator Run Shoes;1949,50
Boty Barreda;Нет в наличии
Powerphase Shoes;1399,50
Boty Barreda;799,50
BOTY JAPAN;2174,25
Boty Megaride O1;2039,40
Boty ZX RS;1399,50
Boty Turnaround;Нет в наличии
Boty Japan;2999
Boty Mad Iiinfinity;2199,50
Boty SL 72 OG;2399
Boty Turnaround;1104,35
Boty TECHNOCHAOS 2000;1049,50
Boty GLENBURN;1259,30
Boty VL Court 3.0;1079,40
BOTY HANDBALL SPEZIAL;Нет в наличии
Boty Sambae;2024,25
Boty Jabbar Lo;1199,50
Boty HANDBALL SPEZIAL MESSI;Нет в наличии
BOTY HYPERBOOST EPHR;3599
Boty Campus 00s;Нет в наличии
Boty Gazelle ADV;Нет в наличии
Boty SL 72 PRO;2699
Boty Forum 84 Low ADV;Нет в наличии
Boty Gazelle ADV;Нет в наличии
BOTY ADIRACER GT AUDI REVOLUT F1 TEAM;Нет в наличии
BOTY ZX 8000;Нет в наличии
BOTY ULTIMASHOW 2.0 AUDI REVOLUT F1 TEAM;Нет в наличии
Boty Busenitz Indoor Super;Нет в наличии
Boty BRMD;Нет в наличии
Boty RUN 70s 2.0;Нет в наличии
